L,rho_autolyap,rho_theory
1.990000000000,0.084846499064,0.084750152797
2.980000000000,0.177102210193,0.177001577072
3.970000000000,0.248288926882,0.248117942309
4.960000000000,0.303795547233,0.303586393092
5.950000000000,0.348336076160,0.348147165200
6.940000000000,0.385073990991,0.384902601019
7.930000000000,0.416000365745,0.415882580563
8.920000000000,0.442698945986,0.442458093136
9.910000000000,0.465833113256,0.465587235572
10.900000000000,0.486271972256,0.485960586451
11.890000000000,0.504352499830,0.504089498753
12.880000000000,0.520703562342,0.520361538977
13.870000000000,0.535465617032,0.535076439812
14.860000000000,0.548869129719,0.548470113933
15.850000000000,0.561157226504,0.560731123347
16.840000000000,0.572517436028,0.572012243974
17.830000000000,0.582732200578,0.582438758705
18.820000000000,0.592496771190,0.592114517248
19.810000000000,0.601617850370,0.601126439490
20.800000000000,0.609796281788,0.609547913423
21.790000000000,0.619140632451,0.617441394512
22.780000000000,0.625458533262,0.624860419182
23.770000000000,0.632171630859,0.631851182390
24.760000000000,0.638809203167,0.638453786603
25.750000000000,0.645127315844,0.644703240191
26.740000000000,0.651057898744,0.650630262563
27.730000000000,0.656761072565,0.656261938819
28.720000000000,0.662078818277,0.661622256073
29.710000000000,0.667970657350,0.666732545947
30.700000000000,0.672897315293,0.671611852060
31.690000000000,0.677820952966,0.676277237109
32.680000000000,0.681480498480,0.680744040931
33.670000000000,0.686208123931,0.685026098571
34.660000000000,0.689808408813,0.689135925458
35.650000000000,0.694202395095,0.693084875433
36.640000000000,0.697618100333,0.696883276192
37.630000000000,0.702149280953,0.700540545882
38.620000000000,0.704917922541,0.704065293873
39.610000000000,0.709072143040,0.707465408179
40.600000000000,0.712615968836,0.710748131585
41.590000000000,0.714604380136,0.713920128158
42.580000000000,0.717223167419,0.716987541549
43.570000000000,0.720836882486,0.719956046257
44.560000000000,0.723732117686,0.722830892850
45.550000000000,0.726005047180,0.725616947945
46.540000000000,0.728698253573,0.728318729681
47.530000000000,0.732855928944,0.730940439249
48.520000000000,0.736206334093,0.733485988998
49.510000000000,0.736963951891,0.735959027554
50.500000000000,0.739278744308,0.738362962306
51.490000000000,0.741874058005,0.740700979594
52.480000000000,0.744385187058,0.742976062862
53.470000000000,0.745971679629,0.745191009021
54.460000000000,0.748641966376,0.747348443224
55.450000000000,0.751088215163,0.749450832229
56.440000000000,0.752548742602,0.751500496513
57.430000000000,0.756351471181,0.753499621274
58.420000000000,0.756531766169,0.755450266429
59.410000000000,0.760253906251,0.757354375727
60.400000000000,0.760367540732,0.759213785063
61.390000000000,0.762695331390,0.761030230071
62.380000000000,0.764713900413,0.762805353075
63.370000000000,0.765804383516,0.764540709462
64.360000000000,0.767536517976,0.766237773522
65.350000000000,0.769631552918,0.767897943824
66.340000000000,0.770885290968,0.769522548154
67.330000000000,0.772525817208,0.771112848069
68.320000000000,0.775634765626,0.772670043094
69.310000000000,0.776176713408,0.774195274603
70.300000000000,0.777075703189,0.775689629403
71.290000000000,0.778647413099,0.777154143046
72.280000000000,0.779998778129,0.778589802913
73.270000000000,0.782241851097,0.779997551057
74.260000000000,0.782104490324,0.781378286854
75.250000000000,0.784551308955,0.782732869463
76.240000000000,0.786140553829,0.784062120116
77.230000000000,0.787317536388,0.785366824246
78.220000000000,0.788583750837,0.786647733478
79.210000000000,0.789767943987,0.787905567479
80.200000000000,0.791026138464,0.789141015688
81.190000000000,0.791870117180,0.790354738938
82.180000000000,0.793497070303,0.791547370961
83.170000000000,0.794555276516,0.792719519809
84.160000000000,0.795591111295,0.793871769179
85.150000000000,0.796813903326,0.795004679655
86.140000000000,0.798095460974,0.796118789874
87.130000000000,0.799354528438,0.797214617623
88.120000000000,0.800292253491,0.798292660868
89.110000000000,0.800781249061,0.799353398718
90.100000000000,0.801750168204,0.800397292340
91.090000000000,0.803713428913,0.801424785813
92.080000000000,0.804571954446,0.802436306935
93.070000000000,0.805155634880,0.803432267987
94.060000000000,0.806581291471,0.804413066448
95.050000000000,0.807614331185,0.805379085675
96.040000000000,0.808079169698,0.806330695544
97.030000000000,0.808403717598,0.807268253050
98.020000000000,0.809936360324,0.808192102885
99.010000000000,0.809570303172,0.809102577976
100.000000000000,0.812683107332,0.810000000000
